<?xml version='1.0' encoding='utf-8'?>
<!DOCTYPE hibernate-mapping PUBLIC
    "-//Hibernate/Hibernate Mapping DTD 3.0//EN"
    "http://www.hibernate.org/dtd/hibernate-mapping-3.0.dtd">
<hibernate-mapping>

    <class name="sv.edu.udb.www.springmvc.entities.LibrosEntity" table="libros" schema="inventario_libros">
        <id name="codigoLibro">
            <column name="codigo_libro" sql-type="varchar(9)" length="9"/>
        </id>
        <property name="nombreLibro">
            <column name="nombre_libro" sql-type="varchar(50)" length="50"/>
        </property>
        <property name="existencias">
            <column name="existencias" sql-type="int(11)"/>
        </property>
        <property name="precio">
            <column name="precio" sql-type="decimal(10,2)" precision="10" scale="2"/>
        </property>
        <property name="descripcion">
            <column name="descripcion" sql-type="text" not-null="true"/>
        </property>
        <many-to-one name="autoresByCodigoAutor" class="sv.edu.udb.www.springmvc.entities.AutoresEntity">
            <column name="codigo_autor"/>
        </many-to-one>
        <many-to-one name="editorialesByCodigoEditorial" class="sv.edu.udb.www.springmvc.entities.EditorialesEntity">
            <column name="codigo_editorial"/>
        </many-to-one>
        <many-to-one name="generosByIdGenero" class="sv.edu.udb.www.springmvc.entities.GenerosEntity">
            <column name="id_genero"/>
        </many-to-one>
    </class>
</hibernate-mapping>